id;assunto;resumo;created_date
1;Jordanian rich;../fake-data/blob/hipster.txt;2024-08-22T01:20:14
2;Principal;../fake-data/blob/hipster.txt;2024-08-21T19:55:36
3;Guiné;../fake-data/blob/hipster.txt;2024-08-21T23:04:50
4;Checking índigo Human;../fake-data/blob/hipster.txt;2024-08-21T19:04:19
5;withdrawal Grande;../fake-data/blob/hipster.txt;2024-08-21T17:10:32
6;Goiás enhance compressing;../fake-data/blob/hipster.txt;2024-08-21T14:40:25
7;metrics;../fake-data/blob/hipster.txt;2024-08-21T23:18:40
8;Accountability deliverables;../fake-data/blob/hipster.txt;2024-08-21T23:28:14
9;Madeira;../fake-data/blob/hipster.txt;2024-08-21T15:17:02
10;multi-byte Refinado;../fake-data/blob/hipster.txt;2024-08-21T14:22:15
